{"cameraMode":{"drawMode":0,"name":"Shaded","section":"Shading Mode"},"sceneLighting":true,"audioPlay":false,"sceneViewState":{"m_AlwaysRefresh":false,"showFog":true,"showSkybox":true,"showFlares":true,"showImageEffects":true,"showParticleSystems":true,"showVisualEffectGraphs":true,"m_FxEnabled":true},"in2DMode":false,"pivot":{"x":1.1086080074310303,"y":-38.22415542602539,"z":4.5282511711120609},"rotation":{"x":0.7002294659614563,"y":-0.026747843250632287,"z":0.026271292939782144,"w":0.7129482626914978},"size":26.415206909179689,"orthographic":false}