{"cameraMode":{"drawMode":0,"name":"Shaded","section":"Shading Mode"},"sceneLighting":true,"audioPlay":false,"sceneViewState":{"m_AlwaysRefresh":false,"showFog":true,"showSkybox":true,"showFlares":true,"showImageEffects":true,"showParticleSystems":true,"showVisualEffectGraphs":true,"m_FxEnabled":true},"in2DMode":false,"pivot":{"x":9.143264770507813,"y":3.0234107971191408,"z":56.87211608886719},"rotation":{"x":-0.06588975340127945,"y":-0.10547264665365219,"z":0.007004119455814362,"w":-0.9922133684158325},"size":82.71768951416016,"orthographic":false}